{
  "project_info": {
    "project_number": "85078898716",
    "project_id": "textdemo-457f2",
    "storage_bucket": "textdemo-457f2.appspot.com"
  },
  "client": [
    {
      "client_info": {
        "mobilesdk_app_id": "1:85078898716:android:785de7279faf7cec2fc7d9",
        "android_client_info": {
          "package_name": "com.example.textdemo"
        }
      },
      "oauth_client": [
        {
          "client_id": "85078898716-ga0jv3k99sr406cmi19ovecn1q7a8vad.apps.googleusercontent.com",
          "client_type": 3
        }
      ],
      "api_key": [
        {
          "current_key": "AIzaSyDRBHksEKQEIX4lwso1NRNbG8SQCCYTU0s"
        }
      ],
      "services": {
        "appinvite_service": {
          "other_platform_oauth_client": [
            {
              "client_id": "85078898716-ga0jv3k99sr406cmi19ovecn1q7a8vad.apps.googleusercontent.com",
              "client_type": 3
            }
          ]
        }
      }
    }
  ],
  "configuration_version": "1"
}